history,scenario,attempt_budget,policy,unique_questions,paired_episodes,success_delta,success_delta_low,success_delta_high,cost_delta,cost_delta_low,cost_delta_high
1000,arm_shift,1,ewma,60,180,0.02222222222222222,-0.03333333333333333,0.07222222222222222,-0.13646476159948273,-0.16426313896234035,-0.11119350945143043
1000,arm_shift,1,original,60,180,0.0611111111111111,0.02222222222222222,0.09999999999999996,-0.061815681619694036,-0.19092696668306705,0.05678677124309246
1000,arm_shift,1,repeat_initial,60,180,0.0611111111111111,0.02222222222222222,0.09999999999999996,-0.061815681619694036,-0.18359088240936805,0.0662583601196673
1000,arm_shift,1,switch_on_failure,60,180,0.0611111111111111,0.02222222222222222,0.09999999999999996,-0.061815681619694036,-0.1829501692114629,0.058195652014482464
1000,arm_shift,2,ewma,60,180,0.1,0.03333333333333333,0.16666666666666666,-0.20922948811780967,-0.28854482847627816,-0.12487242995787935
1000,arm_shift,2,original,60,180,0.05,-1.8503717077085942e-18,0.1,-0.2308271116494862,-0.4668631538670388,0.012503493470056817
1000,arm_shift,2,repeat_initial,60,180,0.04444444444444444,-4.625929269271222e-20,0.08888888888888886,-0.21001372649855146,-0.458492827466875,0.03201677257540963
1000,arm_shift,2,switch_on_failure,60,180,0.016666666666666663,-0.027777777777777776,0.061111111111111116,0.12450468803095935,-0.17776377711310737,0.4394085817315258
1000,arm_shift,3,ewma,60,180,0.09444444444444446,0.03888888888888888,0.1611111111111111,-0.39767887063599294,-0.5452054772194962,-0.2628004227546648
1000,arm_shift,3,original,60,180,0.03333333333333333,-0.02222222222222222,0.08888888888888888,-0.38269266586919326,-0.7842461251503835,0.014984344296420794
1000,arm_shift,3,repeat_initial,60,180,0.03333333333333333,-0.01111111111111111,0.08333333333333331,-0.33901797949593704,-0.716394790278731,0.04371690656824761
1000,arm_shift,3,switch_on_failure,60,180,-0.049999999999999996,-0.10555555555555553,-1.8503717077085942e-18,-0.07527089964650457,-0.4765031220917044,0.357339084887947
1000,arm_shift,5,ewma,60,180,0.09444444444444443,0.03333333333333333,0.1611111111111111,-0.7205053959095592,-1.022199522620207,-0.4370771316077582
1000,arm_shift,5,original,60,180,0.03888888888888888,-0.02222222222222222,0.09999999999999999,-0.35674450102630284,-0.7998309937004757,0.08534715000354505
1000,arm_shift,5,repeat_initial,60,180,0.03333333333333333,-0.011111111111111112,0.07777777777777777,-0.32233071324419066,-0.7043368142451287,0.07957866508407903
1000,arm_shift,5,switch_on_failure,60,180,-0.10555555555555556,-0.17222222222222222,-0.04444444444444444,-0.7065904288426625,-1.2221564953448607,-0.17818610447222685
1000,id,1,ewma,60,180,-0.09444444444444446,-0.1444444444444444,-0.04444444444444444,-0.13646476159948273,-0.16173601374753518,-0.11119350945143039
1000,id,1,original,60,180,-2.7755575615628915e-18,-0.05,0.05,-0.061815681619694036,-0.18363410606717329,0.05931014854352158
1000,id,1,repeat_initial,60,180,-2.7755575615628915e-18,-0.05,0.05,-0.061815681619694036,-0.18547507782843198,0.05833290393095591
1000,id,1,switch_on_failure,60,180,-2.7755575615628915e-18,-0.05,0.05,-0.061815681619694036,-0.1778883696522172,0.06035658909955233
1000,id,2,ewma,60,180,-0.02222222222222222,-0.061250000000000006,0.02222222222222222,-0.031911816295817345,-0.09960169279945401,0.03527675508187422
1000,id,2,original,60,180,-0.022222222222222223,-0.07222222222222222,0.02222222222222222,-0.10120324669185805,-0.3311700315871654,0.1205379571207279
1000,id,2,repeat_initial,60,180,-0.022222222222222223,-0.07222222222222222,0.02222222222222222,-0.07568190825344474,-0.31203096115682644,0.15951792290335853
1000,id,2,switch_on_failure,60,180,-0.011111111111111112,-0.06666666666666667,0.03333333333333333,0.1562405240773565,-0.1353308536173695,0.45552841047706705
1000,id,3,ewma,60,180,-0.03888888888888889,-0.07777777777777777,0.0,-0.029906595792037013,-0.13351512831333787,0.06608296320040231
1000,id,3,original,60,180,0.02222222222222222,-0.027777777777777776,0.07222222222222222,-0.0915647716486145,-0.4316714681129495,0.21090580683177476
1000,id,3,repeat_initial,60,180,0.016666666666666666,-0.033472222222222216,0.06666666666666667,-0.08184040162626431,-0.4388249995598461,0.2783090069429814
1000,id,3,switch_on_failure,60,180,-0.011111111111111112,-0.05555555555555555,0.027777777777777776,0.11829618484106633,-0.2093883178899819,0.4378657344652881
1000,id,5,ewma,60,180,-0.05555555555555556,-0.09999999999999996,-0.016666666666666666,0.026150264889463645,-0.12846894484065866,0.16863515367150467
1000,id,5,original,60,180,0.02222222222222222,-0.02222222222222222,0.06666666666666667,-0.010334366068279177,-0.33739771927967294,0.3245708060336958
1000,id,5,repeat_initial,60,180,-0.0055555555555555575,-0.055555555555555546,0.04444444444444444,-0.06062078965593221,-0.4139811268937214,0.287112616217048
1000,id,5,switch_on_failure,60,180,-0.03888888888888889,-0.07777777777777778,-0.005555555555555555,-0.47721171578432037,-0.8565451925208327,-0.11169981738780287
200,arm_shift,1,ewma,60,180,0.03888888888888888,-0.005555555555555555,0.08333333333333331,-0.11877488509584606,-0.14910038767350894,-0.09097650773298849
200,arm_shift,1,original,60,180,-0.011111111111111108,-0.07222222222222222,0.049999999999999996,0.07263836890181148,-0.0031256700051779294,0.15596757689502808
200,arm_shift,1,repeat_initial,60,180,-0.011111111111111108,-0.07222222222222222,0.05,0.07263836890181148,-0.008179920434788402,0.1540244380147909
200,arm_shift,1,switch_on_failure,60,180,-0.011111111111111108,-0.07222222222222222,0.05,0.07263836890181148,-0.003757725774529769,0.15411947902175616
200,arm_shift,2,ewma,60,180,0.09444444444444443,0.03333333333333333,0.1611111111111111,-0.2385317808585025,-0.3224201511160893,-0.16577460630747992
200,arm_shift,2,original,60,180,-0.005555555555555561,-0.06666666666666667,0.055555555555555566,0.1557395865871937,0.008393520828591258,0.30638571200810183
200,arm_shift,2,repeat_initial,60,180,-0.016666666666666663,-0.08333333333333331,0.05,0.11660210780539067,-0.05864966776508416,0.30001303060752643
200,arm_shift,2,switch_on_failure,60,180,-0.016666666666666666,-0.04444444444444444,0.01111111111111111,0.14322291118302893,-0.050481823093737235,0.33105056792981014
200,arm_shift,3,ewma,60,180,0.12222222222222222,0.05555555555555556,0.18888888888888886,-0.42142560782113014,-0.5719811597350107,-0.2758867084524148
200,arm_shift,3,original,60,180,-0.0055555555555555575,-0.07222222222222222,0.05555555555555556,0.21371650932611885,0.003260263120397682,0.4467208276781741
200,arm_shift,3,repeat_initial,60,180,-0.03333333333333333,-0.09999999999999999,0.03333333333333331,0.1585400266201096,-0.13572294551882377,0.45092581159413997
200,arm_shift,3,switch_on_failure,60,180,-0.03888888888888888,-0.08333333333333331,9.483155002005283e-19,0.12428403656572322,-0.08589847848855217,0.3506403501496873
200,arm_shift,5,ewma,60,180,0.12777777777777777,0.055555555555555566,0.19444444444444448,-0.7598955899243932,-1.070600326878027,-0.4805189658003125
200,arm_shift,5,original,60,180,0.011111111111111108,-0.04444444444444444,0.06666666666666667,0.2599260078441746,-0.04443540352069224,0.5867120371787098
200,arm_shift,5,repeat_initial,60,180,-0.044444444444444446,-0.1111111111111111,0.02222222222222222,0.22978023817552154,-0.1464082581552841,0.6525228380487319
200,arm_shift,5,switch_on_failure,60,180,-0.016666666666666666,-0.05555555555555556,0.016666666666666666,-0.012881817821348335,-0.33763882608181517,0.35127178784320384
200,id,1,ewma,60,180,-0.06666666666666667,-0.1111111111111111,-0.02222222222222222,-0.11877488509584606,-0.14910038767350892,-0.08844938251818327
200,id,1,original,60,180,0.03888888888888889,-0.0055555555555555575,0.08333333333333331,0.07263836890181148,-0.00881197620414024,0.1527921893526825
200,id,1,repeat_initial,60,180,0.03888888888888889,-0.0055555555555555575,0.08333333333333331,0.07263836890181148,-0.005636588661794653,0.15028127069606573
200,id,1,switch_on_failure,60,180,0.03888888888888889,-0.0055555555555555575,0.08333333333333331,0.07263836890181148,-0.0037577257745297645,0.1496972843614976
200,id,2,ewma,60,180,0.0,-0.03888888888888888,0.04444444444444444,-0.06979809493281607,-0.134472588713478,-0.009689079083968133
200,id,2,original,60,180,0.022222222222222216,-0.02222222222222222,0.06124999999999925,0.08681910952383255,-0.021584125323595174,0.19328256853866024
200,id,2,repeat_initial,60,180,-9.251858538542971e-19,-0.05,0.05013888888888814,0.0640749825905854,-0.055577497436891235,0.17881385150922102
200,id,2,switch_on_failure,60,180,-0.016666666666666666,-0.05555555555555555,0.016666666666666666,0.011094016993122173,-0.1568732140184329,0.18982671138996923
200,id,3,ewma,60,180,-0.022222222222222223,-0.06680555555555556,0.02777777777777778,-0.09254222186606317,-0.19866534697402077,0.006977587582698543
200,id,3,original,60,180,0.061111111111111116,0.011111111111111108,0.11666666666666664,0.18583297351690545,0.06736690265163388,0.3186174411623835
200,id,3,repeat_initial,60,180,0.03333333333333333,-0.011111111111111112,0.07777777777777777,0.08681910952383255,-0.07616189469745857,0.2568840623008586
200,id,3,switch_on_failure,60,180,-0.005555555555555555,-0.03333333333333333,0.02222222222222222,0.026828255898517405,-0.18005184027121973,0.24809999762960022
200,id,5,ewma,60,180,-0.011111111111111112,-0.05,0.03333333333333333,0.00885593548033643,-0.17352484546937513,0.1750982723552319
200,id,5,original,60,180,0.07777777777777777,0.027777777777777776,0.12777777777777777,0.11877918321847446,-0.0650390936985941,0.3037608260540184
200,id,5,repeat_initial,60,180,0.03888888888888888,-0.0055555555555555575,0.08347222222222148,0.022178262946026032,-0.17541547744688799,0.2141207814960571
200,id,5,switch_on_failure,60,180,-0.02222222222222222,-0.04444444444444444,-0.005555555555555555,-0.12098701454924606,-0.37802127400756225,0.1319115216827168
50,arm_shift,1,ewma,60,180,-0.0055555555555555575,-0.05555555555555556,0.03888888888888888,0.10354620971165852,0.044191729211413525,0.1742559981890374
50,arm_shift,1,original,60,180,-0.011111111111111108,-0.06111111111111111,0.03888888888888888,0.11778032562617388,0.043905455137386556,0.19670354551732044
50,arm_shift,1,repeat_initial,60,180,-0.011111111111111108,-0.061111111111111116,0.04444444444444443,0.11778032562617388,0.03917263786316611,0.20095770201188964
50,arm_shift,1,switch_on_failure,60,180,-0.011111111111111108,-0.06111111111111111,0.03333333333333333,0.11778032562617388,0.04237879041950483,0.20109596667666024
50,arm_shift,2,ewma,60,180,0.016666666666666666,-0.03888888888888889,0.07777777777777777,0.13806481909443996,0.018487672415506563,0.2581432708993184
50,arm_shift,2,original,60,180,0.011111111111111112,-0.05000000000000001,0.07777777777777777,0.20623775892657512,0.0879611526615216,0.32137120381056816
50,arm_shift,2,repeat_initial,60,180,-0.03333333333333333,-0.08333333333333331,0.011111111111111112,0.19677752039489452,0.024858156199098536,0.35690447111575835
50,arm_shift,2,switch_on_failure,60,180,0.027777777777777776,-0.027777777777777776,0.08333333333333333,-0.318092389760217,-0.5355111523733405,-0.0931689833648529
50,arm_shift,3,ewma,60,180,0.0611111111111111,0.005555555555555553,0.12222222222222222,0.11757450255788739,-0.057695783190461127,0.2923403242398779
50,arm_shift,3,original,60,180,0.03888888888888889,-0.011111111111111112,0.09444444444444443,0.3464403466738584,0.121248677662016,0.5708364917377423
50,arm_shift,3,repeat_initial,60,180,-0.03333333333333333,-0.08333333333333333,0.016666666666666666,0.31251142634712853,0.06379325540816827,0.5595947400374864
50,arm_shift,3,switch_on_failure,60,180,0.03888888888888889,-0.016666666666666663,0.09999999999999996,0.1480004258269144,-0.19491191325266077,0.46681290800319974
50,arm_shift,5,ewma,60,180,0.05555555555555555,0.0055555555555555575,0.10555555555555553,0.07627373375894832,-0.20972886031822868,0.3468127629983144
50,arm_shift,5,original,60,180,0.044444444444444446,-0.005555555555555553,0.09444444444444441,0.43662462388904616,0.09787447721308917,0.7766677098568463
50,arm_shift,5,repeat_initial,60,180,-0.04444444444444444,-0.09444444444444446,0.005555555555555555,0.4580408793837823,0.12958667585516495,0.7929491189744051
50,arm_shift,5,switch_on_failure,60,180,-0.016666666666666666,-0.05555555555555556,0.02222222222222222,-0.16310319068510046,-0.5881907410499414,0.28439480248386056
50,id,1,ewma,60,180,0.04999999999999998,1.8503717077085942e-18,0.09999999999999996,0.10354620971165852,0.04294492209350049,0.17611865451811382
50,id,1,original,60,180,0.05,-0.00013888888888888274,0.10555555555555553,0.11778032562617388,0.03797280231743472,0.19739491471682222
50,id,1,repeat_initial,60,180,0.05,-1.8503717077085942e-18,0.10013888888888814,0.11778032562617388,0.04237879041950483,0.19855263490366656
50,id,1,switch_on_failure,60,180,0.05,-0.005555555555555553,0.09999999999999999,0.11778032562617388,0.03732453998989436,0.19571764347620155
50,id,2,ewma,60,180,0.03888888888888889,-0.01111111111111111,0.08888888888888886,0.014342806834499252,-0.09221123363282974,0.12584359062389755
50,id,2,original,60,180,0.07777777777777777,0.011111111111111112,0.1444444444444444,0.18491238892480738,0.07095888828364559,0.30571501210574803
50,id,2,repeat_initial,60,180,0.03888888888888888,-0.016666666666666663,0.09444444444444441,0.14259952260065872,-0.01324138757687689,0.3117500793790604
50,id,2,switch_on_failure,60,180,0.055555555555555566,-0.005555555555555551,0.11666666666666664,-0.8183241856974618,-1.0321561073882148,-0.61725035282315
50,id,3,ewma,60,180,-0.011111111111111112,-0.06111111111111111,0.03888888888888888,0.016470259614678316,-0.12720543135645926,0.17152151781692895
50,id,3,original,60,180,0.11666666666666667,0.06111111111111111,0.17222222222222222,0.16688726768445397,-0.023423120222752787,0.3464252730550137
50,id,3,repeat_initial,60,180,0.06111111111111111,0.011111111111111112,0.11666666666666663,0.1542531380078746,-0.07763188906891058,0.3913067127380511
50,id,3,switch_on_failure,60,180,0.016666666666666666,-0.022222222222222223,0.05555555555555556,-0.4928101779039365,-0.8418997858877848,-0.1491743980377111
50,id,5,ewma,60,180,-0.03333333333333333,-0.07777777777777777,0.011111111111111112,0.240142822024226,0.017411853787730615,0.47004392724206606
50,id,5,original,60,180,0.10555555555555556,0.04444444444444443,0.1722222222222222,0.1921633779218152,-0.12347167491469845,0.5412428304716511
50,id,5,repeat_initial,60,180,0.08888888888888888,0.03888888888888888,0.13888888888888887,0.0689351837558407,-0.18893092093066166,0.3271606963876799
50,id,5,switch_on_failure,60,180,0.0,-0.016666666666666666,0.016666666666666666,-0.6712485303397007,-1.0549188753631706,-0.27813540232697925
