history,scenario,mode,attempt_budget,policy,requests,seeds,success_rate,success_rate_seed_sd,mean_cost,mean_attempts,cost_per_success,repeat_after_failure,retry_opportunities,first_failures,recovery_given_first_failure
50,id,episodic,1,original,180,3,0.4166666666666667,0.1641476300299351,1.2933825660074598,1.0,3.104118158417907,,0,105,0.0
50,id,episodic,1,ewma,180,3,0.4444444444444444,0.20570565090637355,1.333514604258935,1.0,3.0004078595826074,,0,100,0.0
50,id,episodic,1,repeat_initial,180,3,0.4166666666666667,0.1641476300299351,1.2933825660074598,1.0,3.104118158417907,,0,105,0.0
50,id,episodic,1,switch_on_failure,180,3,0.4166666666666667,0.1641476300299351,1.2933825660074598,1.0,3.104118158417907,,0,105,0.0
50,id,episodic,2,original,180,3,0.5555555555555556,0.10183501544346309,2.0664863315412383,1.5833333333333333,3.719675396774233,0.5523809523809524,105,105,0.23809523809523808
50,id,episodic,2,ewma,180,3,0.55,0.1,1.981277268107204,1.5555555555555556,3.602322305649464,0.6,100,100,0.19
50,id,episodic,2,repeat_initial,180,3,0.5166666666666667,0.07264831572567787,2.0165920895726734,1.5833333333333333,3.90308146368905,1.0,105,105,0.17142857142857143
50,id,episodic,2,switch_on_failure,180,3,0.5722222222222222,0.06735753140545636,2.2467025107140297,1.5833333333333333,3.926276232315785,0.0,105,105,0.26666666666666666
50,id,episodic,3,original,180,3,0.6444444444444445,0.05091750772173154,2.6767567674495707,2.0277777777777777,4.153588087421753,0.5135135135135135,185,105,0.3904761904761905
50,id,episodic,3,ewma,180,3,0.6,0.12583057392117913,2.580959994012897,2.0055555555555555,4.301599990021499,0.569060773480663,181,100,0.28
50,id,episodic,3,repeat_initial,180,3,0.5944444444444444,0.053575837561071975,2.6054164196002865,2.066666666666667,4.382943509607963,1.0,192,105,0.3047619047619048
50,id,episodic,3,switch_on_failure,180,3,0.6611111111111111,0.03469443332443553,4.080173110924656,2.011111111111111,6.171690419886043,0.0,182,105,0.41904761904761906
50,id,episodic,5,original,180,3,0.7111111111111111,0.058531409738070785,3.69576450094256,2.6944444444444446,5.197168829450481,0.4524590163934426,305,105,0.5047619047619047
50,id,episodic,5,ewma,180,3,0.7,0.13017082793177756,3.66939700051073,2.7555555555555555,5.241995715015334,0.49683544303797467,316,100,0.46
50,id,episodic,5,repeat_initial,180,3,0.6833333333333333,0.11666666666666665,3.466609929051717,2.816666666666667,5.073087701051299,1.0,327,105,0.45714285714285713
50,id,episodic,5,switch_on_failure,180,3,0.7,0.02886751345948125,5.474065696224228,2.3222222222222224,7.8200938517489025,0.0,238,105,0.4857142857142857
50,arm_shift,episodic,1,original,180,3,0.36666666666666664,0.06009252125773318,1.2933825660074598,1.0,3.5274069982021667,,0,114,0.0
50,arm_shift,episodic,1,ewma,180,3,0.3388888888888889,0.09179284245476838,1.333514604258935,1.0,3.934961127321452,,0,119,0.0
50,arm_shift,episodic,1,repeat_initial,180,3,0.36666666666666664,0.06009252125773318,1.2933825660074598,1.0,3.5274069982021667,,0,114,0.0
50,arm_shift,episodic,1,switch_on_failure,180,3,0.36666666666666664,0.06009252125773318,1.2933825660074598,1.0,3.5274069982021667,,0,114,0.0
50,arm_shift,episodic,2,original,180,3,0.5222222222222223,0.07515416254704822,2.1322973451576104,1.6333333333333333,4.083122575833726,0.6228070175438597,114,114,0.24561403508771928
50,arm_shift,episodic,2,ewma,180,3,0.5166666666666667,0.08333333333333331,2.2055417846632492,1.6611111111111112,4.268790550961131,0.5546218487394958,119,119,0.2689075630252101
50,arm_shift,episodic,2,repeat_initial,180,3,0.4777777777777778,0.0838870492807861,2.13229734515761,1.6333333333333333,4.462947931725235,1.0,114,114,0.17543859649122806
50,arm_shift,episodic,2,switch_on_failure,180,3,0.5611111111111111,0.025458753860865796,2.413867057124875,1.6333333333333333,4.301941289925525,0.0,114,114,0.30701754385964913
50,arm_shift,episodic,3,original,180,3,0.6166666666666667,0.033333333333333326,2.8788671822345475,2.111111111111111,4.668433268488461,0.56,200,114,0.39473684210526316
50,arm_shift,episodic,3,ewma,180,3,0.6277777777777778,0.03469443332443553,2.8290976053705954,2.1444444444444444,4.506527158997414,0.5,206,119,0.4369747899159664
50,arm_shift,episodic,3,repeat_initial,180,3,0.5333333333333333,0.07637626158259735,2.8398840114782065,2.1555555555555554,5.324782521521645,1.0,208,114,0.2631578947368421
50,arm_shift,episodic,3,switch_on_failure,180,3,0.6611111111111111,0.053575837561071975,4.384587762114854,2.0722222222222224,6.632149556140122,0.0,193,114,0.4649122807017544
50,arm_shift,episodic,5,original,180,3,0.7,0.02886751345948125,3.9577906310309925,2.7944444444444443,5.6539866157585665,0.5201238390092879,323,114,0.5263157894736842
50,arm_shift,episodic,5,ewma,180,3,0.7111111111111111,0.03849001794597504,3.8389848430892646,2.838888888888889,5.398572435594285,0.4622356495468278,331,119,0.5630252100840336
50,arm_shift,episodic,5,repeat_initial,180,3,0.6,0.07637626158259735,3.9592631996253975,3.022222222222222,6.5987719993756695,1.0,364,114,0.3684210526315789
50,arm_shift,episodic,5,switch_on_failure,180,3,0.7111111111111111,0.03849001794597504,5.72374360376798,2.3722222222222222,8.049014442798725,0.0,247,114,0.543859649122807
200,id,episodic,1,original,180,3,0.37222222222222223,0.025458753860865803,1.243186358853487,1.0,3.339903650651162,,0,113,0.0
200,id,episodic,1,ewma,180,3,0.3611111111111111,0.1058475493514314,1.1794258902511718,1.0,3.266102465310942,,0,115,0.0
200,id,episodic,1,repeat_initial,180,3,0.37222222222222223,0.025458753860865803,1.243186358853487,1.0,3.339903650651162,,0,113,0.0
200,id,episodic,1,switch_on_failure,180,3,0.37222222222222223,0.025458753860865803,1.243186358853487,1.0,3.339903650651162,,0,113,0.0
200,id,episodic,2,original,180,3,0.4777777777777778,0.05357583756107198,1.991617884614376,1.6277777777777778,4.168502549192883,0.8584070796460177,113,113,0.168141592920354
200,id,episodic,2,ewma,180,3,0.48333333333333334,0.11666666666666667,1.9396167894507124,1.6388888888888888,4.013000254035961,0.46956521739130436,115,115,0.19130434782608696
200,id,episodic,2,repeat_initial,180,3,0.45,0.07637626158259732,1.9688737576811288,1.6277777777777778,4.375275017069178,1.0,113,113,0.12389380530973451
200,id,episodic,2,switch_on_failure,180,3,0.55,0.05773502691896257,2.441698890605111,1.6277777777777778,4.439452528372936,0.0,113,113,0.2831858407079646
200,id,episodic,3,original,180,3,0.5833333333333334,0.033333333333333326,2.675510196488777,2.15,4.58658890826648,0.8115942028985508,207,113,0.336283185840708
200,id,episodic,3,ewma,180,3,0.5722222222222222,0.07876359377087679,2.5573684647095885,2.1555555555555554,4.469187608230355,0.4182692307692308,208,115,0.33043478260869563
200,id,episodic,3,repeat_initial,180,3,0.5388888888888889,0.05357583756107195,2.5990935022273556,2.1777777777777776,4.823060107226025,1.0,212,113,0.26548672566371684
200,id,episodic,3,switch_on_failure,180,3,0.6611111111111111,0.048112522432468836,4.100425126956049,2.061111111111111,6.202323721446132,0.0,191,113,0.46017699115044247
200,id,episodic,5,original,180,3,0.6833333333333333,0.033333333333333326,3.6090481604388276,2.911111111111111,5.28153389332512,0.752906976744186,344,113,0.49557522123893805
200,id,episodic,5,ewma,180,3,0.6944444444444444,0.09477067838462214,3.5103735353592223,2.95,5.054937890917286,0.36182336182336183,351,115,0.5217391304347826
200,id,episodic,5,repeat_initial,180,3,0.6222222222222222,0.00962250448649373,3.5249072586715124,3.0277777777777777,5.665029522864935,1.0,365,113,0.39823008849557523
200,id,episodic,5,switch_on_failure,180,3,0.6777777777777778,0.034694433324435545,5.424797802842087,2.3444444444444446,8.003800036980138,0.0,242,113,0.48672566371681414
200,arm_shift,episodic,1,original,180,3,0.3888888888888889,0.025458753860865796,1.243186358853487,1.0,3.1967649227661123,,0,110,0.0
200,arm_shift,episodic,1,ewma,180,3,0.3888888888888889,0.034694433324435565,1.1794258902511718,1.0,3.0328094320744463,,0,110,0.0
200,arm_shift,episodic,1,repeat_initial,180,3,0.3888888888888889,0.025458753860865796,1.243186358853487,1.0,3.1967649227661123,,0,110,0.0
200,arm_shift,episodic,1,switch_on_failure,180,3,0.3888888888888889,0.025458753860865796,1.243186358853487,1.0,3.1967649227661123,,0,110,0.0
200,arm_shift,episodic,2,original,180,3,0.5222222222222223,0.025458753860865796,2.0368328236627593,1.6111111111111112,3.9003181729712453,0.7909090909090909,110,110,0.21818181818181817
200,arm_shift,episodic,2,ewma,180,3,0.5666666666666667,0.016666666666666663,1.9042576360285188,1.6111111111111112,3.360454651815037,0.44545454545454544,110,110,0.2909090909090909
200,arm_shift,episodic,2,repeat_initial,180,3,0.5111111111111111,0.02545875386086578,2.0147369590570525,1.6111111111111112,3.9418766590246714,1.0,110,110,0.2
200,arm_shift,episodic,2,switch_on_failure,180,3,0.5444444444444444,0.048112522432468774,2.342035267887051,1.6111111111111112,4.301697430812957,0.0,110,110,0.2545454545454545
200,arm_shift,episodic,3,original,180,3,0.5888888888888889,0.01924500897298752,2.657360214029355,2.088888888888889,4.512498476653627,0.75,196,110,0.32727272727272727
200,arm_shift,episodic,3,ewma,180,3,0.6444444444444445,0.025458753860865747,2.4159318510208148,2.0444444444444443,3.748859768825407,0.3776595744680851,188,110,0.41818181818181815
200,arm_shift,episodic,3,repeat_initial,180,3,0.5555555555555556,0.01924500897298752,2.6387940848903435,2.1,4.749829352802623,1.0,198,110,0.2727272727272727
200,arm_shift,episodic,3,switch_on_failure,180,3,0.6,0.05773502691896256,4.05794962184088,2.05,6.763249369734806,0.0,189,110,0.34545454545454546
200,arm_shift,episodic,5,original,180,3,0.6777777777777778,0.009622504486493794,3.626424888188275,2.8444444444444446,5.350462949785985,0.7048192771084337,332,110,0.4727272727272727
200,arm_shift,episodic,5,ewma,180,3,0.7444444444444445,0.009622504486493794,3.208954778427743,2.7111111111111112,4.310536269529809,0.3409090909090909,308,110,0.5818181818181818
200,arm_shift,episodic,5,repeat_initial,180,3,0.6166666666666667,0.016666666666666663,3.6217497106082104,2.911111111111111,5.8731076388241314,1.0,344,110,0.37272727272727274
200,arm_shift,episodic,5,switch_on_failure,180,3,0.6944444444444444,0.06309898162000308,5.520081422308304,2.361111111111111,7.948917248123966,0.0,245,110,0.5
1000,id,episodic,1,original,180,3,0.35,0.060092521257733164,1.5255700574313935,1.0,4.35877159266113,,0,117,0.0
1000,id,episodic,1,ewma,180,3,0.3888888888888889,0.10715167512214395,1.2400768954064976,1.0,3.1887691596167116,,0,110,0.0
1000,id,episodic,1,repeat_initial,180,3,0.35,0.060092521257733164,1.5255700574313935,1.0,4.35877159266113,,0,117,0.0
1000,id,episodic,1,switch_on_failure,180,3,0.35,0.060092521257733164,1.5255700574313935,1.0,4.35877159266113,,0,117,0.0
1000,id,episodic,2,original,180,3,0.4777777777777778,0.06735753140545636,2.430619478778978,1.65,5.087343095118796,0.9230769230769231,117,117,0.19658119658119658
1000,id,episodic,2,ewma,180,3,0.55,0.10408329997330662,2.0230325211243647,1.6111111111111112,3.67824094749885,0.42727272727272725,110,110,0.2636363636363636
1000,id,episodic,2,repeat_initial,180,3,0.4666666666666667,0.060092521257733164,2.5047385345308752,1.65,5.367296859709023,1.0,117,117,0.1794871794871795
1000,id,episodic,2,switch_on_failure,180,3,0.5611111111111111,0.01924500897298752,3.5639413580190857,1.65,6.351578657855805,0.0,117,117,0.3247863247863248
1000,id,episodic,3,original,180,3,0.5666666666666667,0.028867513459481253,3.165924553166768,2.172222222222222,5.586925682059008,0.909952606635071,211,117,0.3333333333333333
1000,id,episodic,3,ewma,180,3,0.6333333333333333,0.08660254037844388,2.5867531557906007,2.061111111111111,4.084347088090428,0.33507853403141363,191,110,0.4
1000,id,episodic,3,repeat_initial,180,3,0.55,0.033333333333333326,3.2911905474294803,2.183333333333333,5.983982813508152,1.0,213,117,0.3076923076923077
1000,id,episodic,3,switch_on_failure,180,3,0.6444444444444445,0.06309898162000305,4.8729967715398494,2.0166666666666666,7.561546714458398,0.0,183,117,0.452991452991453
1000,id,episodic,5,original,180,3,0.65,0.033333333333333326,4.124594862845494,2.95,6.345530558223843,0.9031339031339032,351,117,0.46153846153846156
1000,id,episodic,5,ewma,180,3,0.7444444444444445,0.08552669065744806,3.4096002806492467,2.7222222222222223,4.580060078484069,0.2709677419354839,310,110,0.5818181818181818
1000,id,episodic,5,repeat_initial,180,3,0.6055555555555555,0.009622504486493794,4.121557249177303,2.9277777777777776,6.806241328916653,1.0,347,117,0.39316239316239315
1000,id,episodic,5,switch_on_failure,180,3,0.6555555555555556,0.06735753140545629,5.5831321262066,2.183333333333333,8.51664222641686,0.0,213,117,0.4700854700854701
1000,arm_shift,episodic,1,original,180,3,0.38333333333333336,0.044095855184409866,1.5255700574313935,1.0,3.9797479759079883,,0,111,0.0
1000,arm_shift,episodic,1,ewma,180,3,0.34444444444444444,0.09477067838462212,1.2400768954064976,1.0,3.600223244728545,,0,118,0.0
1000,arm_shift,episodic,1,repeat_initial,180,3,0.38333333333333336,0.044095855184409866,1.5255700574313935,1.0,3.9797479759079883,,0,111,0.0
1000,arm_shift,episodic,1,switch_on_failure,180,3,0.38333333333333336,0.044095855184409866,1.5255700574313935,1.0,3.9797479759079883,,0,111,0.0
1000,arm_shift,episodic,2,original,180,3,0.5055555555555555,0.0693888666488711,2.45223463784382,1.6166666666666667,4.850574008921846,0.9099099099099099,111,111,0.1981981981981982
1000,arm_shift,episodic,2,ewma,180,3,0.5444444444444444,0.06938886664887108,2.085166842072446,1.6555555555555554,3.8298982813575586,0.4322033898305085,118,118,0.3050847457627119
1000,arm_shift,episodic,2,repeat_initial,180,3,0.4888888888888889,0.08552669065744808,2.536160229269529,1.6166666666666667,5.187600468960405,1.0,111,111,0.17117117117117117
1000,arm_shift,episodic,2,switch_on_failure,180,3,0.49444444444444446,0.00962250448649376,3.4791368850153312,1.6166666666666667,7.0364566213793305,0.0,111,111,0.18018018018018017
1000,arm_shift,episodic,3,original,180,3,0.5555555555555556,0.04194352464039301,3.225497476795182,2.111111111111111,5.805895458231336,0.9,200,111,0.27927927927927926
1000,arm_shift,episodic,3,ewma,180,3,0.6166666666666667,0.033333333333333326,2.649388781864627,2.111111111111111,4.296306132753455,0.37,200,118,0.4152542372881356
1000,arm_shift,episodic,3,repeat_initial,180,3,0.5444444444444444,0.048112522432468774,3.4184507186188613,2.1277777777777778,6.278787034197914,1.0,203,111,0.26126126126126126
1000,arm_shift,episodic,3,switch_on_failure,180,3,0.5722222222222222,0.041943524640393075,4.982907315979814,2.011111111111111,8.707993367731726,0.0,182,111,0.3063063063063063
1000,arm_shift,episodic,5,original,180,3,0.6333333333333333,0.016666666666666663,4.238032635513955,2.8833333333333333,6.691630477127304,0.9026548672566371,339,111,0.40540540540540543
1000,arm_shift,episodic,5,ewma,180,3,0.7166666666666667,0.016666666666666663,3.513651920826967,2.811111111111111,4.902770122084147,0.2791411042944785,326,118,0.5677966101694916
1000,arm_shift,episodic,5,repeat_initial,180,3,0.5944444444444444,0.01924500897298752,4.320098831092255,2.85,7.267455977538382,1.0,333,111,0.34234234234234234
1000,arm_shift,episodic,5,switch_on_failure,180,3,0.6166666666666667,0.07637626158259729,5.84297576282596,2.2055555555555557,9.475095831609673,0.0,217,111,0.3783783783783784
