history,scenario,attempt_budget,policy,unique_questions,seeds,success,success_low,success_high,success_delta_vs_original,success_delta_vs_original_low,success_delta_vs_original_high,cost_delta_vs_original,cost_delta_vs_original_low,cost_delta_vs_original_high
1000,arm_shift,1,original,60,3,0.3833333333333332,0.2888888888888889,0.4833333333333332,0.0,0.0,0.0,0.0,0.0,0.0
1000,arm_shift,1,ewma,60,3,0.3444444444444444,0.26666666666666666,0.42777777777777776,-0.03888888888888889,-0.11111111111111108,0.02222222222222223,-0.2854931620248959,-0.4331964816700707,-0.14409955735579794
1000,arm_shift,1,repeat_initial,60,3,0.3833333333333332,0.2888888888888889,0.4833333333333332,0.0,0.0,0.0,0.0,0.0,0.0
1000,arm_shift,1,switch_on_failure,60,3,0.3833333333333332,0.2888888888888889,0.4833333333333332,0.0,0.0,0.0,0.0,0.0,0.0
1000,arm_shift,2,original,60,3,0.5055555555555554,0.4000000000000001,0.6112499999999994,0.0,0.0,0.0,0.0,0.0,0.0
1000,arm_shift,2,ewma,60,3,0.5444444444444444,0.4443055555555555,0.6444444444444445,0.03888888888888888,-0.016666666666666666,0.1,-0.36706779577137366,-0.6768079433278906,-0.092242382678026
1000,arm_shift,2,repeat_initial,60,3,0.4888888888888888,0.3888888888888889,0.5944444444444446,-0.016666666666666666,-0.03888888888888888,0.0,0.08392559142570942,0.013219316518542851,0.1705163903634677
1000,arm_shift,2,switch_on_failure,60,3,0.4944444444444444,0.3944444444444445,0.5944444444444444,-0.011111111111111112,-0.07777777777777778,0.06111111111111111,1.0269022471715121,0.7686542085557053,1.3086717607049982
1000,arm_shift,3,original,60,3,0.5555555555555555,0.44999999999999996,0.6611111111111112,0.0,0.0,0.0,0.0,0.0,0.0
1000,arm_shift,3,ewma,60,3,0.6166666666666667,0.5111111111111111,0.7222222222222221,0.06111111111111111,-0.005555555555555553,0.13333333333333333,-0.5761086949305557,-1.0267722799139245,-0.20802280485115762
1000,arm_shift,3,repeat_initial,60,3,0.5444444444444444,0.44430555555555545,0.6555555555555553,-0.01111111111111111,-0.03888888888888888,0.016666666666666666,0.1929532418236793,0.03788459255714486,0.36976485253920643
1000,arm_shift,3,switch_on_failure,60,3,0.5722222222222222,0.47222222222222227,0.6722222222222223,0.01666666666666667,-0.06111111111111111,0.09444444444444446,1.7574098391846311,1.297149521284611,2.2353133401707277
1000,arm_shift,5,original,60,3,0.6333333333333333,0.5222222222222223,0.7388888888888888,0.0,0.0,0.0,0.0,0.0,0.0
1000,arm_shift,5,ewma,60,3,0.7166666666666667,0.6111111111111112,0.8112499999999994,0.08333333333333331,9.02056207507941e-19,0.16666666666666663,-0.7243807146869874,-1.2765541830286664,-0.2069255453798007
1000,arm_shift,5,repeat_initial,60,3,0.5944444444444444,0.48333333333333334,0.7055555555555555,-0.03888888888888888,-0.07777777777777777,-0.005555555555555555,0.08206619557830128,-0.0681983227812405,0.2598842008453176
1000,arm_shift,5,switch_on_failure,60,3,0.6166666666666666,0.5111111111111112,0.722222222222222,-0.01666666666666667,-0.11666666666666663,0.07222222222222222,1.6049431273120058,0.9999791618300171,2.2305127345787437
1000,id,1,original,60,3,0.35,0.2500000000000001,0.44999999999999996,0.0,0.0,0.0,0.0,0.0,0.0
1000,id,1,ewma,60,3,0.3888888888888889,0.29444444444444445,0.4777777777777778,0.03888888888888888,-0.02222222222222222,0.09999999999999996,-0.2854931620248959,-0.44007495749928544,-0.14347996023025822
1000,id,1,repeat_initial,60,3,0.35,0.2500000000000001,0.44999999999999996,0.0,0.0,0.0,0.0,0.0,0.0
1000,id,1,switch_on_failure,60,3,0.35,0.2500000000000001,0.44999999999999996,0.0,0.0,0.0,0.0,0.0,0.0
1000,id,2,original,60,3,0.4777777777777778,0.3777777777777777,0.577777777777778,0.0,0.0,0.0,0.0,0.0,0.0
1000,id,2,ewma,60,3,0.55,0.45,0.6444444444444444,0.07222222222222223,-0.005555555555555555,0.15555555555555559,-0.4075869576546133,-0.6663411306202743,-0.17409838306531103
1000,id,2,repeat_initial,60,3,0.4666666666666667,0.3722222222222221,0.5666666666666667,-0.01111111111111111,-0.03333333333333333,0.01111111111111111,0.07411905575189698,0.007493715004604835,0.15549659456389373
1000,id,2,switch_on_failure,60,3,0.5611111111111111,0.461111111111111,0.6611111111111109,0.08333333333333334,0.016666666666666666,0.15555555555555556,1.1333218792401076,0.8404346882452346,1.4370407768903304
1000,id,3,original,60,3,0.5666666666666667,0.45555555555555555,0.6722222222222223,0.0,0.0,0.0,0.0,0.0,0.0
1000,id,3,ewma,60,3,0.6333333333333332,0.5333333333333333,0.7333333333333332,0.06666666666666668,-0.033333333333333326,0.16111111111111115,-0.5791713973761675,-0.9650473064801814,-0.25406305389722206
1000,id,3,repeat_initial,60,3,0.55,0.43888888888888883,0.6611111111111111,-0.016666666666666666,-0.04444444444444444,0.005555555555555555,0.1252659942627125,-0.015632257086201768,0.295104370206357
1000,id,3,switch_on_failure,60,3,0.6444444444444444,0.549861111111111,0.7388888888888889,0.07777777777777779,-0.016666666666666656,0.17777777777777776,1.7070722183730813,1.2488139834608287,2.1704361574641164
1000,id,5,original,60,3,0.6499999999999999,0.5444444444444445,0.7500000000000001,0.0,0.0,0.0,0.0,0.0,0.0
1000,id,5,ewma,60,3,0.7444444444444444,0.638888888888889,0.8333333333333334,0.09444444444444446,-2.312964634635611e-20,0.18333333333333338,-0.7149945821962478,-1.117283584433617,-0.3368545181624187
1000,id,5,repeat_initial,60,3,0.6055555555555556,0.49999999999999994,0.7111111111111111,-0.04444444444444444,-0.07777777777777777,-0.016666666666666666,-0.0030376136681913744,-0.1416763983421101,0.15614013344951871
1000,id,5,switch_on_failure,60,3,0.6555555555555554,0.5555555555555556,0.7555555555555553,0.005555555555555561,-0.09444444444444443,0.10013888888888818,1.4585372633611071,0.8725872429664646,2.066523283398807
200,arm_shift,1,original,60,3,0.3888888888888889,0.28888888888888886,0.4833333333333334,0.0,0.0,0.0,0.0,0.0,0.0
200,arm_shift,1,ewma,60,3,0.3888888888888889,0.3,0.47222222222222227,-1.8503717077085942e-18,-0.07222222222222222,0.07222222222222222,-0.06376046860231506,-0.1471058831537202,0.010108500859220944
200,arm_shift,1,repeat_initial,60,3,0.3888888888888889,0.28888888888888886,0.4833333333333334,0.0,0.0,0.0,0.0,0.0,0.0
200,arm_shift,1,switch_on_failure,60,3,0.3888888888888889,0.28888888888888886,0.4833333333333334,0.0,0.0,0.0,0.0,0.0,0.0
200,arm_shift,2,original,60,3,0.5222222222222223,0.41666666666666674,0.6277777777777777,0.0,0.0,0.0,0.0,0.0,0.0
200,arm_shift,2,ewma,60,3,0.5666666666666667,0.45555555555555555,0.672222222222222,0.04444444444444444,-0.03333333333333332,0.12222222222222223,-0.13257518763424062,-0.2862777282352301,0.012940839018886749
200,arm_shift,2,repeat_initial,60,3,0.511111111111111,0.4055555555555556,0.6166666666666667,-0.01111111111111111,-0.04444444444444444,0.022222222222222223,-0.02209586460570677,-0.08522427743867,0.03853618802644409
200,arm_shift,2,switch_on_failure,60,3,0.5444444444444443,0.4444444444444445,0.6444444444444444,0.02222222222222222,-0.03888888888888888,0.08888888888888888,0.30520244422429166,0.1663261990425275,0.4567005691020827
200,arm_shift,3,original,60,3,0.5888888888888889,0.48319444444444437,0.6944444444444444,0.0,0.0,0.0,0.0,0.0,0.0
200,arm_shift,3,ewma,60,3,0.6444444444444445,0.538888888888889,0.7499999999999999,0.05555555555555556,-0.005555555555555555,0.12236111111111038,-0.24142836300854048,-0.48468436451765073,-0.009539964907115244
200,arm_shift,3,repeat_initial,60,3,0.5555555555555555,0.4555555555555555,0.6612499999999996,-0.03333333333333333,-0.07222222222222222,0.011111111111111108,-0.018566129139011355,-0.1258882970110441,0.10766144235095099
200,arm_shift,3,switch_on_failure,60,3,0.6,0.49999999999999994,0.7,0.011111111111111108,-0.055694444444444456,0.08888888888888888,1.4005894078115242,0.9860804523205269,1.792956291955249
200,arm_shift,5,original,60,3,0.6777777777777778,0.5722222222222223,0.7833333333333332,0.0,0.0,0.0,0.0,0.0,0.0
200,arm_shift,5,ewma,60,3,0.7444444444444442,0.65,0.8388888888888887,0.06666666666666667,-1.8735013540549502e-18,0.13888888888888887,-0.41747010976053184,-0.8489178047989447,-0.04705857020995926
200,arm_shift,5,repeat_initial,60,3,0.6166666666666667,0.5055555555555556,0.7277777777777779,-0.06111111111111111,-0.09999999999999996,-0.027777777777777776,-0.004675177580064073,-0.17628243640102745,0.18536704572059834
200,arm_shift,5,switch_on_failure,60,3,0.6944444444444445,0.5944444444444446,0.788888888888889,0.016666666666666673,-0.07777777777777775,0.10555555555555557,1.8936565341200298,1.1860757560571742,2.5898635918171045
200,id,1,original,60,3,0.3722222222222222,0.2777777777777778,0.47222222222222204,0.0,0.0,0.0,0.0,0.0,0.0
200,id,1,ewma,60,3,0.36111111111111105,0.2722222222222222,0.4611111111111109,-0.011111111111111108,-0.061111111111111116,0.04444444444444444,-0.06376046860231506,-0.1426998950516501,0.007597582202604129
200,id,1,repeat_initial,60,3,0.3722222222222222,0.2777777777777778,0.47222222222222204,0.0,0.0,0.0,0.0,0.0,0.0
200,id,1,switch_on_failure,60,3,0.3722222222222222,0.2777777777777778,0.47222222222222204,0.0,0.0,0.0,0.0,0.0,0.0
200,id,2,original,60,3,0.4777777777777778,0.3833333333333334,0.566805555555555,0.0,0.0,0.0,0.0,0.0,0.0
200,id,2,ewma,60,3,0.4833333333333334,0.38888888888888895,0.5777777777777778,0.0055555555555555575,-0.04444444444444444,0.05555555555555556,-0.052001095163663594,-0.15998388437333766,0.04666508706245919
200,id,2,repeat_initial,60,3,0.44999999999999996,0.35555555555555546,0.55,-0.027777777777777776,-0.05555555555555556,-0.005555555555555555,-0.02274412693324712,-0.07134184424673078,0.021447602278166413
200,id,2,switch_on_failure,60,3,0.5499999999999999,0.44999999999999996,0.6501388888888883,0.07222222222222222,0.016666666666666666,0.1333333333333333,0.45008100599073525,0.29100396564871783,0.6262142189646538
200,id,3,original,60,3,0.5833333333333334,0.4833333333333333,0.6833333333333333,0.0,0.0,0.0,0.0,0.0,0.0
200,id,3,ewma,60,3,0.5722222222222223,0.47763888888888884,0.6666666666666666,-0.011111111111111112,-0.07222222222222222,0.0611111111111111,-0.11814173177918864,-0.25465167879587275,0.008201553987623485
200,id,3,repeat_initial,60,3,0.5388888888888889,0.4388888888888888,0.6444444444444444,-0.044444444444444446,-0.09999999999999996,0.0,-0.07641669426142106,-0.1588254582217435,0.017759683712531626
200,id,3,switch_on_failure,60,3,0.6611111111111111,0.5666666666666667,0.75,0.07777777777777778,-0.005555555555555555,0.1611111111111111,1.424914930467272,1.0390031533848871,1.8525094424223838
200,id,5,original,60,3,0.6833333333333332,0.577777777777778,0.7833333333333333,0.0,0.0,0.0,0.0,0.0,0.0
200,id,5,ewma,60,3,0.6944444444444444,0.6055555555555555,0.7833333333333333,0.011111111111111108,-0.04444444444444444,0.07222222222222222,-0.09867462507960602,-0.3134984422206198,0.11799605584820114
200,id,5,repeat_initial,60,3,0.6222222222222221,0.5055555555555555,0.7333333333333335,-0.06111111111111111,-0.1111111111111111,-0.016666666666666666,-0.08414090176731531,-0.208365867255585,0.03970921934502771
200,id,5,switch_on_failure,60,3,0.6777777777777777,0.5833333333333336,0.7666666666666667,-0.0055555555555555575,-0.09999999999999999,0.08333333333333331,1.815749642403259,1.2133312520765425,2.446013252015073
50,arm_shift,1,original,60,3,0.36666666666666664,0.2833333333333333,0.45000000000000007,0.0,0.0,0.0,0.0,0.0,0.0
50,arm_shift,1,ewma,60,3,0.33888888888888885,0.2611111111111111,0.4166666666666667,-0.027777777777777776,-0.06666666666666667,0.011111111111111112,0.040132038251475266,-0.03815636946901738,0.11085638518465868
50,arm_shift,1,repeat_initial,60,3,0.36666666666666664,0.2833333333333333,0.45000000000000007,0.0,0.0,0.0,0.0,0.0,0.0
50,arm_shift,1,switch_on_failure,60,3,0.36666666666666664,0.2833333333333333,0.45000000000000007,0.0,0.0,0.0,0.0,0.0,0.0
50,arm_shift,2,original,60,3,0.5222222222222221,0.4277777777777777,0.6222222222222221,0.0,0.0,0.0,0.0,0.0,0.0
50,arm_shift,2,ewma,60,3,0.5166666666666666,0.41666666666666663,0.6222222222222221,-0.005555555555555554,-0.05,0.03888888888888888,0.0732444395056392,-0.053545551325158605,0.20936687589556807
50,arm_shift,2,repeat_initial,60,3,0.4777777777777778,0.38333333333333336,0.5777777777777776,-0.04444444444444444,-0.09444444444444446,0.0055555555555555575,3.7007434154171884e-18,-0.07640088740467446,0.07470894092240533
50,arm_shift,2,switch_on_failure,60,3,0.561111111111111,0.4611111111111111,0.6666666666666665,0.03888888888888888,-0.016666666666666666,0.1,0.28156971196726477,0.14053819671457954,0.43235880990344444
50,arm_shift,3,original,60,3,0.6166666666666667,0.5166666666666667,0.7166666666666667,0.0,0.0,0.0,0.0,0.0,0.0
50,arm_shift,3,ewma,60,3,0.6277777777777779,0.5277777777777778,0.7277777777777779,0.011111111111111112,-0.027777777777777776,0.05000000000000001,-0.04976957686395248,-0.24170094986996657,0.12389640226389474
50,arm_shift,3,repeat_initial,60,3,0.5333333333333333,0.4388888888888889,0.6333333333333332,-0.08333333333333333,-0.13888888888888887,-0.03333333333333333,-0.0389831707563404,-0.20895474540042852,0.10109449258644473
50,arm_shift,3,switch_on_failure,60,3,0.6611111111111111,0.5665277777777776,0.7555555555555554,0.04444444444444444,-0.016666666666666666,0.10555555555555556,1.505720579880306,1.0922334425388167,1.9178434429358373
50,arm_shift,5,original,60,3,0.6999999999999998,0.6000000000000001,0.7833333333333333,0.0,0.0,0.0,0.0,0.0,0.0
50,arm_shift,5,ewma,60,3,0.711111111111111,0.611111111111111,0.7999999999999999,0.01111111111111111,-0.01111111111111111,0.03333333333333333,-0.11880578794172791,-0.3824747165900167,0.12266666315741583
50,arm_shift,5,repeat_initial,60,3,0.6,0.4944444444444444,0.6944444444444444,-0.1,-0.16111111111111112,-0.03888888888888888,0.0014725685944050363,-0.29835691091013344,0.3092803415108143
50,arm_shift,5,switch_on_failure,60,3,0.711111111111111,0.6111111111111113,0.7944444444444445,0.011111111111111112,-0.05,0.07222222222222223,1.765952972736987,1.2519307577047876,2.2887722683709155
50,id,1,original,60,3,0.41666666666666663,0.3277777777777777,0.5055555555555558,0.0,0.0,0.0,0.0,0.0,0.0
50,id,1,ewma,60,3,0.4444444444444444,0.3555555555555555,0.5279166666666661,0.027777777777777776,-0.011111111111111112,0.06666666666666667,0.040132038251475266,-0.034975080899420495,0.10577136974105522
50,id,1,repeat_initial,60,3,0.41666666666666663,0.3277777777777777,0.5055555555555558,0.0,0.0,0.0,0.0,0.0,0.0
50,id,1,switch_on_failure,60,3,0.41666666666666663,0.3277777777777777,0.5055555555555558,0.0,0.0,0.0,0.0,0.0,0.0
50,id,2,original,60,3,0.5555555555555556,0.4500000000000001,0.6499999999999999,0.0,0.0,0.0,0.0,0.0,0.0
50,id,2,ewma,60,3,0.5499999999999999,0.4500000000000001,0.638888888888889,-0.005555555555555555,-0.03888888888888888,0.027777777777777776,-0.0852090634340345,-0.21048463306392381,0.02754238835840834
50,id,2,repeat_initial,60,3,0.5166666666666667,0.41666666666666674,0.611111111111111,-0.03888888888888888,-0.08333333333333333,0.005555555555555555,-0.04989424196856436,-0.13729069005135444,0.03244795568461522
50,id,2,switch_on_failure,60,3,0.5722222222222222,0.4666666666666669,0.6666666666666667,0.016666666666666666,-0.016666666666666666,0.05,0.18021617917279092,0.07924921967571064,0.29842939888068704
50,id,3,original,60,3,0.6444444444444444,0.5498611111111111,0.7444444444444442,0.0,0.0,0.0,0.0,0.0,0.0
50,id,3,ewma,60,3,0.5999999999999999,0.5054166666666665,0.6944444444444444,-0.04444444444444444,-0.07777777777777777,-0.01111111111111111,-0.09579677343667393,-0.2183936628223944,0.021478971431887203
50,id,3,repeat_initial,60,3,0.5944444444444444,0.49444444444444446,0.6944444444444443,-0.05,-0.1,-0.005555555555555555,-0.07134034784928397,-0.2201961441419564,0.07268279429666871
50,id,3,switch_on_failure,60,3,0.6611111111111111,0.5666666666666667,0.75,0.016666666666666666,-0.044444444444444446,0.07777777777777778,1.403416343475086,1.0762641421067038,1.7448341217891195
50,id,5,original,60,3,0.711111111111111,0.6111111111111112,0.8111111111111108,0.0,0.0,0.0,0.0,0.0,0.0
50,id,5,ewma,60,3,0.7,0.6111111111111112,0.7888888888888889,-0.01111111111111111,-0.05555555555555555,0.027777777777777776,-0.026367500431830136,-0.20440570540717942,0.14587771225347845
50,id,5,repeat_initial,60,3,0.6833333333333332,0.5888888888888887,0.7777777777777776,-0.027777777777777776,-0.09444444444444441,0.03888888888888888,-0.22915457189084293,-0.5011789035750239,0.02988471033301976
50,id,5,switch_on_failure,60,3,0.6999999999999998,0.6055555555555557,0.7888888888888886,-0.011111111111111112,-0.08333333333333331,0.061111111111111116,1.7783011952816694,1.3401570029597,2.244963300174728
